2.5	projo-list-7159-api-1	0.00%	89.71MiB / 15.6GiB
2.5	local-env-connect-1	638.22%	5.847GiB / 15.6GiB
2.5	local-env-schema-registry-1	0.41%	185.7MiB / 15.6GiB
2.5	local-env-kafka-1	88.85%	1.961GiB / 15.6GiB
2.5	local-env-mysql-1	116.11%	564.1MiB / 15.6GiB
2.5	local-env-postgres-1	139.54%	195.2MiB / 15.6GiB
16.0	projo-list-8974-web-1	0.83%	11.66MiB / 15.6GiB
16.0	projo-list-8974-api-1	2.82%	78.85MiB / 15.6GiB
16.0	local-env-connect-1	621.77%	4.135GiB / 15.6GiB
16.0	local-env-schema-registry-1	1.08%	187MiB / 15.6GiB
16.0	local-env-kafka-1	58.28%	2.095GiB / 15.6GiB
16.0	local-env-mysql-1	127.81%	470.4MiB / 15.6GiB
16.0	local-env-postgres-1	129.67%	296.4MiB / 15.6GiB
27.0	projo-list-8974-api-1	0.00%	97.52MiB / 15.6GiB
27.0	local-env-connect-1	565.59%	6.135GiB / 15.6GiB
27.0	local-env-schema-registry-1	1.38%	195.5MiB / 15.6GiB
27.0	local-env-kafka-1	163.13%	2.32GiB / 15.6GiB
27.0	local-env-mysql-1	158.45%	448.6MiB / 15.6GiB
27.0	local-env-postgres-1	168.54%	285.9MiB / 15.6GiB
38.6	local-env-connect-1	481.03%	5.781GiB / 15.6GiB
38.6	local-env-schema-registry-1	0.34%	179.5MiB / 15.6GiB
38.6	local-env-kafka-1	197.01%	2.239GiB / 15.6GiB
38.6	local-env-mysql-1	140.40%	460.5MiB / 15.6GiB
38.6	local-env-postgres-1	82.69%	288MiB / 15.6GiB
54.9	local-env-connect-1	537.20%	5.926GiB / 15.6GiB
54.9	local-env-schema-registry-1	0.32%	155.1MiB / 15.6GiB
54.9	local-env-kafka-1	55.70%	2.719GiB / 15.6GiB
54.9	local-env-mysql-1	71.03%	477.1MiB / 15.6GiB
54.9	local-env-postgres-1	269.13%	341.4MiB / 15.6GiB
51.9	local-env-connect-1	125.28%	5.927GiB / 15.6GiB
51.9	local-env-schema-registry-1	0.35%	157.1MiB / 15.6GiB
51.9	local-env-kafka-1	5.96%	2.075GiB / 15.6GiB
51.9	local-env-mysql-1	3.64%	437.4MiB / 15.6GiB
51.9	local-env-postgres-1	217.09%	308.7MiB / 15.6GiB
68.3	projo-list-11493-web-1	0.03%	11.14MiB / 15.6GiB
68.3	projo-list-11493-api-1	23.44%	173.1MiB / 15.6GiB
68.3	local-env-connect-1	105.31%	5.928GiB / 15.6GiB
68.3	local-env-schema-registry-1	0.26%	157.3MiB / 15.6GiB
68.3	local-env-kafka-1	3.65%	2.073GiB / 15.6GiB
68.3	local-env-mysql-1	3.24%	437.9MiB / 15.6GiB
68.3	local-env-postgres-1	172.72%	521.3MiB / 15.6GiB
81.6	projo-list-11493-web-1	1.56%	12.5MiB / 15.6GiB
81.6	projo-list-11493-api-1	8.91%	197.9MiB / 15.6GiB
81.6	local-env-connect-1	160.04%	1.463GiB / 15.6GiB
81.6	local-env-schema-registry-1	0.66%	157.7MiB / 15.6GiB
81.6	local-env-kafka-1	2.40%	2.073GiB / 15.6GiB
81.6	local-env-mysql-1	4.45%	438.9MiB / 15.6GiB
81.6	local-env-postgres-1	199.12%	485.4MiB / 15.6GiB
90.2	local-env-connect-1	114.33%	1.465GiB / 15.6GiB
90.2	local-env-schema-registry-1	1.69%	158.6MiB / 15.6GiB
90.2	local-env-kafka-1	2.33%	2.072GiB / 15.6GiB
90.2	local-env-mysql-1	4.50%	438.2MiB / 15.6GiB
90.2	local-env-postgres-1	205.97%	607.9MiB / 15.6GiB
95.7	local-env-connect-1	156.71%	1.466GiB / 15.6GiB
95.7	local-env-schema-registry-1	1.37%	160.8MiB / 15.6GiB
95.7	local-env-kafka-1	2.11%	2.089GiB / 15.6GiB
95.7	local-env-mysql-1	3.12%	437MiB / 15.6GiB
95.7	local-env-postgres-1	201.84%	784.6MiB / 15.6GiB
79.3	local-env-connect-1	154.43%	1.476GiB / 15.6GiB
79.3	local-env-schema-registry-1	0.30%	160.7MiB / 15.6GiB
79.3	local-env-kafka-1	109.39%	2.203GiB / 15.6GiB
79.3	local-env-mysql-1	2.26%	436MiB / 15.6GiB
79.3	local-env-postgres-1	202.41%	798.1MiB / 15.6GiB
103.5	local-env-connect-1	123.81%	1.477GiB / 15.6GiB
103.5	local-env-schema-registry-1	0.30%	160.6MiB / 15.6GiB
103.5	local-env-kafka-1	1.84%	2.105GiB / 15.6GiB
103.5	local-env-mysql-1	2.32%	436.3MiB / 15.6GiB
103.5	local-env-postgres-1	165.14%	774.4MiB / 15.6GiB
116.1	local-env-connect-1	155.99%	1.477GiB / 15.6GiB
116.1	local-env-schema-registry-1	0.24%	160.6MiB / 15.6GiB
116.1	local-env-kafka-1	2.01%	2.106GiB / 15.6GiB
116.1	local-env-mysql-1	1.90%	436.9MiB / 15.6GiB
116.1	local-env-postgres-1	207.14%	1.266GiB / 15.6GiB
128.8	local-env-connect-1	155.39%	1.453GiB / 15.6GiB
128.8	local-env-schema-registry-1	1.63%	161.5MiB / 15.6GiB
128.8	local-env-kafka-1	1.64%	2.106GiB / 15.6GiB
128.8	local-env-mysql-1	3.23%	437.4MiB / 15.6GiB
128.8	local-env-postgres-1	204.79%	1.946GiB / 15.6GiB
141.4	local-env-connect-1	46.65%	1.454GiB / 15.6GiB
141.4	local-env-schema-registry-1	0.25%	161.7MiB / 15.6GiB
141.4	local-env-kafka-1	1.11%	2.106GiB / 15.6GiB
141.4	local-env-mysql-1	1.48%	437.2MiB / 15.6GiB
141.4	local-env-postgres-1	62.78%	2.386GiB / 15.6GiB
149.6	local-env-connect-1	5.02%	1.454GiB / 15.6GiB
149.6	local-env-schema-registry-1	0.45%	161.7MiB / 15.6GiB
149.6	local-env-kafka-1	2.78%	2.106GiB / 15.6GiB
149.6	local-env-mysql-1	4.40%	436.9MiB / 15.6GiB
149.6	local-env-postgres-1	13.40%	2.743GiB / 15.6GiB
155.4	local-env-connect-1	3.69%	1.453GiB / 15.6GiB
155.4	local-env-schema-registry-1	0.63%	161.4MiB / 15.6GiB
155.4	local-env-kafka-1	2.74%	2.108GiB / 15.6GiB
155.4	local-env-mysql-1	3.19%	441.1MiB / 15.6GiB
155.4	local-env-postgres-1	11.80%	2.879GiB / 15.6GiB
163.1	local-env-connect-1	2.01%	1.453GiB / 15.6GiB
163.1	local-env-schema-registry-1	0.57%	161.8MiB / 15.6GiB
163.1	local-env-kafka-1	3.01%	2.106GiB / 15.6GiB
163.1	local-env-mysql-1	3.03%	440.9MiB / 15.6GiB
163.1	local-env-postgres-1	17.40%	3.138GiB / 15.6GiB
170.5	local-env-connect-1	1.83%	1.452GiB / 15.6GiB
170.5	local-env-schema-registry-1	2.18%	161.8MiB / 15.6GiB
170.5	local-env-kafka-1	2.04%	2.114GiB / 15.6GiB
170.5	local-env-mysql-1	2.13%	441MiB / 15.6GiB
170.5	local-env-postgres-1	11.77%	3.453GiB / 15.6GiB
161.8	local-env-connect-1	0.70%	1.453GiB / 15.6GiB
161.8	local-env-schema-registry-1	0.39%	161.9MiB / 15.6GiB
161.8	local-env-kafka-1	1.74%	2.114GiB / 15.6GiB
161.8	local-env-mysql-1	0.64%	440.7MiB / 15.6GiB
161.8	local-env-postgres-1	13.89%	3.021GiB / 15.6GiB
